{
    "quotes": [
        {
            "quote_id": 1,
            "author": "Albert Einstein",
            "category": "Wisdom",
            "quote": "Imagination is more important than knowledge.",
            "favourite":true
        },
        {
            "quote_id": 2,
            "author": "Maya Angelou",
            "category": "Inspiration",
            "quote": "I've learned that people will forget what you said, people will forget what you did, but people will never forget how you made them feel.",
            "favourite":false
        },
        {
            "quote_id": 3,
            "author": "Mark Twain",
            "category": "Humor",
            "quote": "Get your facts first, then you can distort them as you please.",
            "favourite":false
        },
        {
            "quote_id": 4,
            "author": "Oscar Wilde",
            "category": "Life",
            "quote": "To live is the rarest thing in the world. Most people exist, that is all.",
            "favourite":false
        },
        {
            "quote_id": 5,
            "author": "Mahatma Gandhi",
            "category": "Change",
            "quote": "Be the change that you wish to see in the world.",
            "favourite":false
        },
        {
            "quote_id": 6,
            "author": "Martin Luther King Jr.",
            "category": "Equality",
            "quote": "Injustice anywhere is a threat to justice everywhere.",
            "favourite":false
        },
        {
            "quote_id": 7,
            "author": "Steve Jobs",
            "category": "Success",
            "quote": "Your work is going to fill a large part of your life, and the only way to be truly satisfied is to do what you believe is great work.",
            "favourite":false
        },
        {
            "quote_id": 8,
            "author": "Coco Chanel",
            "category": "Fashion",
            "quote": "A girl should be two things: classy and fabulous.",
            "favourite":false
        },
        {
            "quote_id": 9,
            "author": "Walt Disney",
            "category": "Dreams",
            "quote": "All our dreams can come true if we have the courage to pursue them.",
            "favourite":false
        },
        {
            "quote_id": 10,
            "author": "Eleanor Roosevelt",
            "category": "Courage",
            "quote": "You gain strength, courage, and confidence by every experience in which you really stop to look fear in the face.",
            "favourite":false
        },
        {
            "quote_id": 11,
            "author": "Buddha",
            "category": "Spirituality",
            "quote": "The mind is everything. What you think you become.",
            "favourite":false
        },
        {
            "quote_id": 12,
            "author": "William Shakespeare",
            "category": "Love",
            "quote": "The course of true love never did run smooth.",
            "favourite":false
        },
        {
            "quote_id": 13,
            "author": "Abraham Lincoln",
            "category": "Leadership",
            "quote": "Don't worry when you are not recognized, but strive to be worthy of recognition.",
            "favourite":false
        },
        {
            "quote_id": 14,
            "author": "J.K. Rowling",
            "category": "Imagination",
            "quote": "It does not do to dwell on dreams and forget to live.",
            "favourite":false
        },
        {
            "quote_id": 15,
            "author": "Nelson Mandela",
            "category": "Freedom",
            "quote": "For to be free is to live in a way that respects and enhances the freedom of others.",
            "favourite":false
        },
        {
            "quote_id": 16,
            "author": "Rumi",
            "category": "Spirituality",
            "quote": "What you seek is seeking you.",
            "favourite":false
        },
        {
            "quote_id": 17,
            "author": "Jane Austen",
            "category": "Literature",
            "quote": "There is no charm equal to tenderness of heart.",
            "favourite":false
        },
        {
            "quote_id": 18,
            "author": "Winston Churchill",
            "category": "Perseverance",
            "quote": "If you're going through hell, keep going.",
            "favourite":false
        },
        {
            "quote_id": 19,
            "author": "Helen Keller",
            "category": "Optimism",
            "quote": "Optimism is the faith that leads to achievement. Nothing can be done without hope and confidence.",
            "favourite":false
        },
        {
            "quote_id": 20,
            "author": "Ralph Waldo Emerson",
            "category": "Self-Reliance",
            "quote": "To be yourself in a world that is constantly trying to make you something else is the greatest accomplishment.",
            "favourite":false
        },
        {
            "quote_id": 21,
            "author": "Vincent Van Gogh",
            "category": "Art",
            "quote": "Great things are done by a series of small things brought together.",
            "favourite":false
        },
        {
            "quote_id": 22,
            "author": "C.S. Lewis",
            "category": "Faith",
            "quote": "I believe in Christianity as I believe that the sun has risen: not only because I see it, but because by it I see everything else.",
            "favourite":false
        },
        {
            "quote_id": 23,
            "author": "Jane Goodall",
            "category": "Nature",
            "quote": "The greatest danger to our future is apathy.",
            "favourite":false
        },
        {
            "quote_id": 24,
            "author": "Henry David Thoreau",
            "category": "Simplicity",
            "quote": "Simplicity, simplicity, simplicity! I say, let your affairs be as two or three, and not a hundred or a thousand.",
            "favourite":false
        },
        {
            "quote_id": 25,
            "author": "Pablo Picasso",
            "category": "Creativity",
            "quote": "Every child is an artist. The problem is how to remain an artist once we grow up.",
            "favourite":false
        },
        {
            "quote_id": 26,
            "author": "John F. Kennedy",
            "category": "Inspiration",
            "quote": "Change is the law of life. And those who look only to the past or present are certain to miss the future.",
            "favourite":false
        },
        {
            "quote_id": 27,
            "author": "Frida Kahlo",
            "category": "Art",
            "quote": "I paint self-portraits because I am so often alone, because I am the person I know best.",
            "favourite":false
        },
        {
            "quote_id": 28,
            "author": "Malala Yousafzai",
            "category": "Education",
            "quote": "One child, one teacher, one book, one pen can change the world.",
            "favourite":false
        },
        {
            "quote_id": 29,
            "author": "Leonardo da Vinci",
            "category": "Curiosity",
            "quote": "Learning never exhausts the mind.",
            "favourite":false
        },
        {
            "quote_id": 30,
            "author": "Mother Teresa",
            "category": "Kind ness",
            "quote": "Spread love everywhere you go. Let no one ever come to you without leaving happier.",
            "favourite":false
        },
        {
            "quote_id": 31,
            "author": "Napoleon Hill",
            "category": "Success",
            "quote": "Whatever the mind can conceive and believe, it can achieve.",
            "favourite":false
        },
        {
            "quote_id": 32,
            "author": "Anne Frank",
            "category": "Hope",
            "quote": "Where there's hope, there's life. It fills us with fresh courage and makes us strong again.",
            "favourite":false
        },
        {
            "quote_id": 33,
            "author": "Ralph Waldo Emerson",
            "category": "Nature",
            "quote": "Adopt the pace of nature: her secret is patience.",
            "favourite":false
        },
        {
            "quote_id": 34,
            "author": "Kahlil Gibran",
            "category": "Love",
            "quote": "Let there be spaces in your togetherness, and let the winds of the heavens dance between you.",
            "favourite":false
        },
        {
            "quote_id": 35,
            "author": "Stephen Hawking",
            "category": "Science",
            "quote": "Intelligence is the ability to adapt to change.",
            "favourite":false
        },
        {
            "quote_id": 36,
            "author": "Harriet Tubman",
            "category": "Freedom",
            "quote": "I freed a thousand slaves. I could have freed a thousand more if only they knew they were slaves.",
            "favourite":false
        },
        {
            "quote_id": 37,
            "author": "Marcus Aurelius",
            "category": "Philosophy",
            "quote": "You have power over your mind - not outside events. Realize this, and you will find strength.",
            "favourite":false
        },
        {
            "quote_id": 38,
            "author": "Oprah Winfrey",
            "category": "Empowerment",
            "quote": "The biggest adventure you can take is to live the life of your dreams.",
            "favourite":false
        },
        {
            "quote_id": 39,
            "author": "Socrates",
            "category": "Knowledge",
            "quote": "The only true wisdom is in knowing you know nothing.",
            "favourite":false
        },
        {
            "quote_id": 40,
            "author": "Maya Angelou",
            "category": "Courage",
            "quote": "Courage is the most important of all the virtues because without courage, you can't practice any other virtue consistently.",
            "favourite":false
        },
        {
            "quote_id": 41,
            "author": "Elon Musk",
            "category": "Innovation",
            "quote": "If something is important enough, even if the odds are against you, you should still do it.",
            "favourite":false
        },
        {
            "quote_id": 42,
            "author": "Rosa Parks",
            "category": "Equality",
            "quote": "I would like to be known as a person who is concerned about freedom and equality and justice and prosperity for all people.",
            "favourite":false
        },
        {
            "quote_id": 43,
            "author": "J.R.R. Tolkien",
            "category": "Imagination",
            "quote": "Not all those who wander are lost.",
            "favourite":false
        },
        {
            "quote_id": 44,
            "author": "Audrey Hepburn",
            "category": "Beauty",
            "quote": "The beauty of a woman is not in a facial mode but the true beauty in a woman is reflected in her soul.",
            "favourite":false
        },
        {
            "quote_id": 45,
            "author": "Henry Ford",
            "category": "Success",
            "quote": "Whether you think you can or you think you can't, you're right.",
            "favourite":false
        },
        {
            "quote_id": 46,
            "author": "Jane Austen",
            "category": "Relationships",
            "quote": "There is no charm equal to tenderness of heart.",
            "favourite":false
        },
        {
            "quote_id": 47,
            "author": "Walt Disney",
            "category": "Imagination",
            "quote": "If you can dream it, you can do it.",
            "favourite":false
        },
        {
            "quote_id": 48,
            "author": "Coco Chanel",
            "category": "Fashion",
            "quote": "Fashion fades, only style remains the same.",
            "favourite":false
        },
        {
            "quote_id": 49,
            "author": "Dr. Seuss",
            "category": "Imagination",
            "quote": "Fantasy is a necessary ingredient in living.",
            "favourite":false
        },
        {
            "quote_id": 50,
            "author": "Leonardo da Vinci",
            "category": "Art",
            "quote": "Art is never finished, only abandoned.",
            "favourite":false
        }
    ]
}
